filename,text,language,language_confidence
edu15_da_question_rendered_eval_aug1_llama3.jsonl,<|begin_of_text|><|start_header_id|>system<|end_header_id|>  Cutting Knowledge Date: December 2023 Today Date: 26 Jul 2024  You are a helpful assistant.<|eot_id|><|start_header_id|>user<|end_header_id|>  Hvilket år modtog Ernesto Sábato den spanske litterære pris Premio Miguel de Cervantes? - A: 1948 - B: 1961 - C: 1976 - D: 1984<|eot_id|><|start_header_id|>assistant<|end_header_id|>  D<|eot_id|>,dan_Latn,0.6370714902877808
edu15_da_question_rendered_eval_best.jsonl,Problem: Hvilket år modtog Ernesto Sábato den spanske litterære pris Premio Miguel de Cervantes? Løsning: – A: 1948 – B: 1961 – C: 1976 – D: 1984  Facit: D,dan_Latn,0.8261651992797852
edu15_da_question_rendered_eval_best_aug1.jsonl,Problem: Hvilket år modtog Ernesto Sábato den spanske litterære pris Premio Miguel de Cervantes?\nLøsning:\n– A: 1976 – B: 1984 – C: 1961 – D: 1948\n\nFacit: B,dan_Latn,0.8416519165039062
edu15_reduced_da.jsonl,"'''Stephen Foster''' (4. juli 1826 – 13. januar 1864) var en amerikansk forfatter og komponist. Han skrev tekst og musik til en række populære sange, som f.eks. ''Camptown Races'', ''My Old Kentucky Home'', ''Jennie with the Light Brown Hair'',''Swanee River'', ''The Old Folks at Home'', ''Beautiful Dreamer'' og ''Oh, Susanna''. I sit korte liv – Foster døde som følge af et voldsomt alkoholforbrug – nåede han at skrive omkring 175 sange.",dan_Latn,0.8677576780319214
edu15_reduced_sv.jsonl,Haninge Golfklubb bildades 1983. Under 1984-85 byggdes en 18-håls mästerskapsbana med Jan Sederholm som arkitekt. Dessutom byggdes en korthålsbana om 9 hål. 1991 kompletterades anläggningen med ytterligare 9 hål ritade av Carl-Edvard Montgomery. De första 18 hålen utgörs av både skogshål och hål som sträcker ut i ett böljande och lummigt parklandskap medan de senare 9 hålen ligger i ett öppet landskap med spännande greenområden.,swe_Latn,1.0000075101852417
edu15_sv_question_rendered_eval_all_aug1.jsonl,Problem: Vilken typ av information kan en tid av flyg masspektrometer ge om ett prov?\nLösning:\n– A: Den geografiska ursprunget av provet. – B: Den temperatur som provet utsatts för. – C: Den ålder av provet. – D: Den exakta kemiska sammansättningen av ämnen i provet.\n\nFacit: D,swe_Latn,0.9999916553497314
edu15_sv_question_rendered_eval_aug1_llama3.jsonl,"<|begin_of_text|><|start_header_id|>system<|end_header_id|>  Cutting Knowledge Date: December 2023 Today Date: 26 Jul 2024  You are a helpful assistant.<|eot_id|><|start_header_id|>user<|end_header_id|>  Vilken typ av information kan en tid av flyg masspektrometer ge om ett prov? Den exakta kemiska sammansättningen av ämnen i provet., Den temperatur som provet utsatts för., Den ålder av provet. eller Den geografiska ursprunget av provet.<|eot_id|><|start_header_id|>assistant<|end_header_id|>  Den exakta kemiska sammansättningen av ämnen i provet.<|eot_id|>",swe_Latn,1.000008225440979
edu15_sv_question_rendered_eval_best.jsonl,Problem: Vilken typ av information kan en tid av flyg masspektrometer ge om ett prov? Lösning: – A: Den exakta kemiska sammansättningen av ämnen i provet. – B: Den temperatur som provet utsatts för. – C: Den ålder av provet. – D: Den geografiska ursprunget av provet.  Facit: A,swe_Latn,0.9999974966049194
edu2_ling1_no_clean_spm10_rendered_eval_best_aug2.jsonl,Problem: Hvilken karbonisotop er ifølge en ny rapport knyttet til en økt risiko for kreft?\nLösning:\n– A: 19C – B: 16C – C: 20C – D: 17C – E: 18C – F: 12C – G: 14C – H: 21C – I: 15C – J: 13C\n\nFacit: J,nob_Latn,0.5809992551803589
edu2_ling1_no_clean_spm10_rendered_eval_best_llama3.jsonl,"<|begin_of_text|><|start_header_id|>system<|end_header_id|>  Cutting Knowledge Date: December 2023 Today Date: 26 Jul 2024  You are a helpful assistant.<|eot_id|><|start_header_id|>user<|end_header_id|>  Hvilken karbonisotop er ifølge en ny rapport knyttet til en økt risiko for kreft? 12C, 13C, 14C, 15C, 16C, 17C, 18C, 19C, 20C eller 21C<|eot_id|><|start_header_id|>assistant<|end_header_id|>  13C<|eot_id|>",nob_Latn,0.9478216767311096
fineweb_en_question_rendered_eval_all_aug1.jsonl,"Problem: According to the World Bank, what is the poverty line for an individual per day?\nSolution:\n– A: $1.00 – B: $5.00 – C: $2.50 – D: $1.25\n\nAnswer: D",eng_Latn,0.9693427085876465
fineweb_en_question_rendered_eval_aug1_llama3.jsonl,"<|begin_of_text|><|start_header_id|>system<|end_header_id|>  Cutting Knowledge Date: December 2023 Today Date: 26 Jul 2024  You are a helpful assistant.<|eot_id|><|start_header_id|>user<|end_header_id|>  According to the World Bank, what is the poverty line for an individual per day? - A: $1.00 - B: $1.25 - C: $2.50 - D: $5.00<|eot_id|><|start_header_id|>assistant<|end_header_id|>  B<|eot_id|>",eng_Latn,0.9902710318565369
fineweb_en_question_rendered_eval_best.jsonl,"Problem: According to the World Bank, what is the poverty line for an individual per day? Solution: – A: $1.00 – B: $1.25 – C: $2.50 – D: $5.00  Answer: B",eng_Latn,0.9894101023674011
fineweb_en_reduced.jsonl,"The Independent Jane For all the love, romance and scandal in Jane Austen's books, what they are really about is freedom and independence. Independence of thought and the freedom to choose. Elizabeth's refusal of Mr. Collins offer of marriage showed an independence seldom seen in heroines of the day. Her refusal of Mr. Darcy while triggered by anger showed a level of independence that left him shocked and stunned. The freedom she exhibited in finally accepting him in direct defiance of Lady Catherine and knowing her father would disapprove was unusual even for Austen. In her last book Anne Elliot is persuaded to refuse Captain Wentworth at Lady Russel's insistence. Although Jane played by the rules of the day, all of her writing is infused with how she wanted life to be. She 'screams' her outrage at the limitations for women in Emma. When accosted by Mrs. Elton, Jane Fairfax says, ""Excuse me, ma'am, but this is by no means my intention; I make no inquiry myself, and should be sorry to have any made by my friends. When I am quite determined as to the time, I am not at all afraid of being long unemployed. There are places in town, offices, where inquiry would soon produce something — offices for the sale, not quite of human flesh, but of human intellect."" ""Oh! my dear, human flesh! You quite shock me; if you mean a fling at the slave-trade, I assure you Mr. Suckling was always rather a friend to the abolition."" ""I did not mean, I was not thinking of the slave-trade,"" replied Jane; ""governess-trade, I assure you, was all that I had in view; widely different certainly, as to the guilt of those who carry it on; but as to the greater misery of the victims, I do not know where it lies."" That same sentiment is emphasized in Emma's shock when Mrs. Weston tells her of Frank Churchill's secret engagement to Jane. ""Good God!"" cried Emma, ""Jane actually on the point of going as governess! What could he mean by such horrible indelicacy? To suffer her to engage herself — to suffer her even to think of such a measure!"" I find it interesting that at the moment of Austen's birth or there about, John Adams left his farm in Massachusetts for the Continental Congress in Philadelphia. Doesn't sound particularly interesting, I know but consider this. John Adams left his home in mid-December 1775 to attend an unprecedented meeting of colonial representatives to consider severing ties with their mother country and her monarch; a decision that culminated in a document unlike any ever written. In the mother country, one day in that same cold December a baby girl was born at Steventon Rectory. Her cry was heard by only the people in the house but the years to come would see her pen create works unlike any the world had ever seen. Comparing Austen's words with Thomas Jefferson's may seem a trivialization but I believe that Austen's impact on the world is no less important than Jefferson's. The effect of Jane's writing maybe more subtle than that of the Virginian but it is no less influential. Jefferson's words instigated and promoted a revolution, a war of independence. Jane's words had no such excessive consequence. Still in her own quiet, genteel yet powerful way she declared and promoted the same principles of freedom and self-regulated independence as our American forefathers. In all her novels Jane advocates independence of person and thought, the rights of all and acceptance of responsibility for those rights. Jane may not have incited military action as Jefferson did but even as an avowed royalist, I doubt not that Jane Austen firmly believed in his declaration of the right to life, liberty and the pursuit of happiness.",eng_Latn,0.9994957447052002
magpie_en_llama3.jsonl,"<|begin_of_text|><|start_header_id|>system<|end_header_id|>  Cutting Knowledge Date: December 2023 Today Date: 26 Jul 2024  You are a helpful assistant.<|eot_id|><|start_header_id|>user<|end_header_id|>  What are some common parameters or metrics used in measuring the performance of a machine learning model?<|eot_id|><|start_header_id|>assistant<|end_header_id|>  There are several common parameters and metrics used to measure the performance of a machine learning model. Here are some of the most popular ones:  **Classification Models:**  1. **Accuracy**: The proportion of correctly classified instances out of all instances in the dataset. 2. **Precision**: The proportion of true positives (correctly predicted instances) out of all positive predictions made by the model. 3. **Recall**: The proportion of true positives out of all actual positive instances in the dataset. 4. **F1 Score**: The harmonic mean of precision and recall, providing a balanced measure of both. 5. **ROC-AUC** (Receiver Operating Characteristic - Area Under the Curve): A measure of the model's ability to distinguish between positive and negative classes. 6. **Confusion Matrix**: A table used to evaluate the performance of a classification model, showing the number of true positives, false positives, true negatives, and false negatives.  **Regression Models:**  1. **Mean Squared Error (MSE)**: The average squared difference between predicted and actual values. 2. **Mean Absolute Error (MAE)**: The average absolute difference between predicted and actual values. 3. **Root Mean Squared Error (RMSE)**: The square root of the MSE, providing a more interpretable measure of error. 4. **R-Squared (R²)**: A measure of how well the model explains the variance in the data. 5. **Mean Absolute Percentage Error (MAPE)**: The average absolute percentage difference between predicted and actual values.  **Other Metrics:**  1. **Loss Function**: The objective function that the model is trying to minimize or maximize, such as cross-entropy or log loss. 2. **Bias-Variance Tradeoff**: A measure of the model's ability to balance between fitting the training data well (low bias) and generalizing to new data (low variance). 3. **Overfitting**: A measure of how well the model generalizes to new data, often evaluated using techniques like cross-validation. 4. **AUC-PR** (Area Under the Precision-Recall Curve): A measure of the model's performance in terms of precision and recall. 5. **Log Loss**: A measure of the model's performance in terms of the logarithmic loss function.  **Additional Metrics for Specific Problems:**  1. **Area Under the ROC Curve (AUC-ROC)**: Used for binary classification problems. 2. **Mean Average Precision (MAP)**: Used for information retrieval and ranking problems. 3. **Normalized Discounted Cumulative Gain (NDCG)**: Used for ranking and recommendation problems. 4. **F-beta Score**: Used for imbalanced classification problems, where the cost of false positives and false negatives is different.  These metrics provide a comprehensive understanding of a machine learning model's performance and help in identifying areas for improvement.<|eot_id|>",eng_Latn,0.9311457872390747
magpie_no_llama3.jsonl,"<|begin_of_text|><|start_header_id|>system<|end_header_id|>  Cutting Knowledge Date: December 2023 Today Date: 26 Jul 2024  You are a helpful assistant.<|eot_id|><|start_header_id|>user<|end_header_id|>  Hvilke vanlige parametere eller målinger brukes for å måle ytelsen til en maskinlæringsmodell?<|eot_id|><|start_header_id|>assistant<|end_header_id|>  Det er flere vanlige parametere og målinger som brukes for å måle ytelsen til en maskinlæringsmodell. Her er noen av de mest populære:  **Klassifiseringsmodeller:**  1. **Nøyaktighet**: Andelen riktig klassifiserte forekomster av alle forekomster i datasettet. 2. **Presisjon**: Andelen sanne positiver (riktig forutsagte forekomster) av alle positive prediksjoner gjort av modellen. 3. **Tilbakekalling**: Andelen sanne positiver av alle faktiske positive forekomster i datasettet. 4. **F1-poengsum**: Det harmoniske gjennomsnittet av presisjon og tilbakekalling, som gir et balansert mål på begge. 5. **ROC-AUC** (Receiver Operating Characteristic - Area Under the Curve): Et mål på modellens evne til å skille mellom positive og negative klasser. 6. **Forvirringsmatrise**: En tabell som brukes til å evaluere ytelsen til en klassifiseringsmodell, som viser antall sanne positiver, falske positiver, sanne negativer og falske negativer.  **Regresjonsmodeller:**  1. **Gjennomsnittlig kvadratisk feil (MSE)**: Gjennomsnittet av det kvadrerte differansen mellom forutsagte og faktiske verdier. 2. **Gjennomsnittlig absolutt feil (MAE)**: Gjennomsnittet av den absolutte forskjellen mellom forutsagte og faktiske verdier. 3. **Rotgjennomsnittlig kvadratisk feil (RMSE)**: Kvadratroten til MSE, som gir et mer tolkbart mål på feil. 4. **R-kvadrat (R²)**: Et mål på hvor godt modellen forklarer variansen i dataene. 5. **Gjennomsnittlig absolutt prosentvis feil (MAPE)**: Gjennomsnittet av den absolutte prosentvise forskjellen mellom forutsagte og faktiske verdier.  **Andre målinger:**  1. **Tapsfunksjon**: Objektivfunksjonen som modellen prøver å minimere eller maksimere, for eksempel kryssentropi eller logaritmisk tap. 2. **Forspennings-varians-avveining**: Et mål på modellens evne til å balansere mellom å passe treningsdataene godt (lav forspenning) og generalisere til nye data (lav varians). 3. **Overtilpasning**: Et mål på hvor godt modellen generaliserer til nye data, ofte evaluert ved hjelp av teknikker som kryssvalidering. 4. **AUC-PR** (Area Under the Precision-Recall Curve): Et mål på modellens ytelse når det gjelder presisjon og tilbakekalling. 5. **Logaritmisk tap**: Et mål på modellens ytelse når det gjelder den logaritmiske tapsfunksjonen.  **Ytterligere målinger for spesifikke problemer:**  1. **Areal under ROC-kurven (AUC-ROC)**: Brukes for binære klassifiseringsproblemer. 2. **Gjennomsnittlig gjennomsnittlig presisjon (MAP)**: Brukes for informasjonsinnhenting og rangeringsproblemer. 3. **Normalisert diskontert kumulativ gevinst (NDCG)**: Brukes for rangering og anbefalingsproblemer. 4. **F-beta-poengsum**: Brukes for ubalanserte klassifiseringsproblemer, der kostnaden for falske positiver og falske negativer er forskjellig.  Disse målingene gir en omfattende forståelse av en maskinlæringsmodells ytelse og hjelper til med å identifisere områder for forbedring.<|eot_id|>",nob_Latn,0.9990426301956177
multi_magpie_english.jsonl,"<|begin_of_text|><|start_header_id|>system<|end_header_id|>  Cutting Knowledge Date: December 2023 Today Date: 26 Jul 2024  You are a helpful assistant.<|eot_id|><|start_header_id|>user<|end_header_id|>  I'm going on a camping trip and I want to make sure I have the best equipment possible. What are some must-haves for a beginner?<|eot_id|><|start_header_id|>assistant<|end_header_id|>  Camping! Exciting adventures await! As a beginner, it's essential to have the right gear to ensure a comfortable, safe, and enjoyable trip. Here are the must-haves for a beginner camper:  **Shelter and Sleeping Gear**  1. **Tent**: A waterproof, sturdy, and easy-to-assemble tent with enough room for everyone in your group. 2. **Sleeping Bag**: A warm, insulated sleeping bag with a comfortable temperature rating for the expected low temperature in your camping area. 3. **Sleeping Pad**: A comfortable, insulating sleeping pad to provide extra cushioning and warmth.  **Cooking and Dining Gear**  1. **Portable Stove**: A reliable, easy-to-use portable stove with fuel (e.g., propane or white gas). 2. **Cooking Pot and Utensils**: A lightweight, durable pot and utensils (e.g., spork or multi-tool). 3. **Water Bottle or Hydration Bladder**: A water bottle or hydration bladder to stay hydrated. 4. **Food Storage Containers**: Airtight containers to store food and keep wildlife out.  **Lighting and Safety**  1. **Headlamp or Flashlight**: A reliable light source for nighttime activities. 2. **First Aid Kit**: A basic first aid kit with essentials like bandages, antiseptic wipes, and pain relievers. 3. **Fire Starters**: Matches, a lighter, or a fire starter kit to build a campfire (if allowed in your campsite). 4. **Personal Safety Items**: A whistle, bear spray (if necessary), and a personal locator beacon (PLB) or satellite phone (if venturing into remote areas).  **Clothing and Personal Items**  1. **Hiking Boots/Shoes**: Sturdy, waterproof boots or shoes with good traction for hiking and outdoor activities. 2. **Clothing Layers**: Pack layers of breathable, moisture-wicking clothing for varying temperatures. 3. **Rain Gear**: A waterproof jacket and pants or a poncho to keep you dry in case of rain. 4. **Toiletries**: A small supply of biodegradable soap, toilet paper, and any personal hygiene items.  **Miscellaneous**  1. **Map and Compass**: A map of your campsite and a compass to navigate. 2. **Trash Bags**: Heavy-duty trash bags to collect and dispose of waste properly. 3. **Camp Chair**: A lightweight, portable camp chair for relaxation. 4. **Entertainment**: Books, games, or a portable speaker to enjoy during downtime.  Remember to check the weather forecast and campsite regulations before your trip to ensure you're prepared for any specific conditions. It's also a good idea to check with more experienced campers or outdoor enthusiasts for additional tips and recommendations. Happy camping!<|eot_id|><|start_header_id|>user<|end_header_id|>  What kind of clothes should I bring?<|eot_id|><|start_header_id|>assistant<|end_header_id|>  When it comes to packing clothes for a camping trip, it's all about layers, comfort, and practicality. Here's a suggested list of clothing items to consider bringing:  **Upper Body:**  1. **Base layer:** A moisture-wicking, quick-drying top (e.g., merino wool or synthetic) for colder mornings and evenings. 2. **Mid-layer:** A fleece jacket or sweater for added warmth. 3. **Outer layer:** A waterproof and breathable jacket (e.g., Gore-Tex or similar technology) to protect against wind and rain.  **Lower Body:**  1. **Hiking pants:** Durable, quick-drying pants with built-in UPF protection (e.g., nylon or polyester). 2. **Base layer leggings:** For colder days, consider bringing thermal leggings for added warmth. 3. **Shorts:** For warmer days, pack a pair of lightweight, quick-drying shorts.  **Footwear:**  1. **Hiking boots/shoes:** Sturdy, waterproof boots or shoes with good tread and ankle support. 2. **Sandals/flip-flops:** For water activities or lounging around the campsite. 3. **Extra socks:** Bring several pairs of moisture-wicking socks to change into throughout the day.  **Accessories:**  1. **Hat and gloves:** For colder weather, bring a warm hat and pair of gloves. 2. **Scarf or neck gaiter:** Adds an extra layer of warmth and can be used as a face mask in windy conditions. 3. **Underwear:** Quick-drying, moisture-wicking underwear is a must. 4. **Sleepwear:** Bring a set of comfortable, warm sleepwear (e.g., thermal top and leggings).  **Additional Tips:**  * Choose clothing that can be layered to adjust to changing temperatures. * Opt for quick-drying, moisture-wicking fabrics to minimize drying time and prevent chafing. * Consider packing clothes with built-in UPF protection to reduce sun exposure. * Don't forget to check the weather forecast before your trip and adjust your packing list accordingly. * Roll your clothes to save space in your backpack and reduce wrinkles.  Remember, it's always better to err on the side of caution and pack a few extra layers, just in case the weather takes a turn. And don't forget to check with your campsite for any specific dress code or restrictions!<|eot_id|>",eng_Latn,0.9677189588546753
nn_question_rendered_eval_all.jsonl,Problem: Kva dato vart Vestre Aker kyrkje innvigt som soknekyrkje? Løysing: – A: 12. desember 1852 – B: 12. desember 1855 – C: 1861 – D: 1983  Fasit: B,nno_Latn,0.9997597336769104
nn_question_rendered_eval_all_aug1.jsonl,Problem: Kva dato vart Vestre Aker kyrkje innvigt som soknekyrkje?\nLøysing:\n– A: 1983 – B: 1861 – C: 12. desember 1855 – D: 12. desember 1852\n\nFasit: C,nno_Latn,0.9996318817138672
nn_question_rendered_eval_aug1_llama3.jsonl,"<|begin_of_text|><|start_header_id|>system<|end_header_id|>  Cutting Knowledge Date: December 2023 Today Date: 26 Jul 2024  You are a helpful assistant.<|eot_id|><|start_header_id|>user<|end_header_id|>  Kva dato vart Vestre Aker kyrkje innvigt som soknekyrkje? 12. desember 1852, 12. desember 1855, 1861 eller 1983<|eot_id|><|start_header_id|>assistant<|end_header_id|>  12. desember 1855<|eot_id|>",nno_Latn,0.9999470710754395
nn_reduced.jsonl,"Sjalottlauk (Allium cepa var. ascalonium) er ein variant av lauk (kepalauk) som dannar eit knippe smålaukar frå ein morlauk. Smaken er mildare og søtare enn vanleg lauk. Lauken kan brukast til matlaging som annan lauk, eller syltast. Sjalottlaukar kan ha raudbrune eller gule skal. Varianten banansjalottlauk har meir avlang form. Sjalottlauken er ein gammal kulturplante frå dei austlege middelhavslanda. Namnet kjem frå det latinske for 'lauk frå Askalon', noko som viser til dagens Ashkelon i Israel.",nno_Latn,1.000009298324585
train_all_text_flash_complete_qa_eval_best_1M.jsonl,"Hva er DCiE? Data Center Infrastructure Efficiency (DCiE) er et mål for energieffektiviteten i et datasenter, og er det inverse av PUE.",nob_Latn,0.9073050618171692
train_all_text_flash_complete_qa_eval_best_rest_llama3.jsonl,"<|begin_of_text|><|start_header_id|>system<|end_header_id|>  Cutting Knowledge Date: December 2023 Today Date: 26 Jul 2024  You are a helpful assistant.<|eot_id|><|start_header_id|>user<|end_header_id|>  Hva er en mikrograf?<|eot_id|><|start_header_id|>assistant<|end_header_id|>  En mikrograf er en detaljert tegning eller beskrivelse av noe som er svært lite, som for eksempel celler eller insekter, sett under et mikroskop.<|eot_id|>",nob_Latn,0.9996603727340698
train_edu2_ling1_no_clean_spm_rendered_merged_best_aug2.jsonl,Spørsmål: I hvilket år ble øl lovlig i Island igjen?  Riktig svar: 1989,nob_Latn,1.0000100135803223
train_edu2_ling1_no_clean_spm_rendered_merged_best_shots5_100k.jsonl,"Spørsmål: Hva kan være en årsak til at store mengder sild dør i grunne fjordarmer? For høyt oksygennivå, For lav saltholdighet, For høy temperatur eller For mye mat.  Svar: For lav saltholdighet  Spørsmål: I hvilket år ble øl lovlig i Island igjen? 1915, 1935, 1964 eller 1989.  Svar: 1989  Spørsmål: Hva er et eksempel på en fornybar energikilde? Olje, Naturgass, Bioenergi eller Kol.  Svar: Bioenergi  Spørsmål: Hvilken av disse matvarene inneholder det høyeste innholdet av antioksidanter per 100 gram? En appelsin, Fem epler, En Bocca (55 g mørk sjokolade) eller Et glass rødvin.  Svar: En Bocca (55 g mørk sjokolade)  Spørsmål: Hva er et sentralt tema i barneteologi? Barns rolle i samfunnet, Barns perspektiv på tro og religion, Utviklingen av barnespråk eller Historien til kristendommen.  Svar: Barns perspektiv på tro og religion  Spørsmål: I hvilket år ble BPA-ordningen lovfestet i Norge? 2015, 2022, 2010 eller 2020.  Svar: 2015",nob_Latn,0.9999582767486572
train_edu2_ling1_no_text_clean_best.jsonl,"Barnekultur og gudstjenestekultur - IKO Du er her: IKO – Kirkelig pedagogisk senter / Nettbutikk / Barnekultur og gudstjenestekultur Alle mennesker trenger håp. Barn er likevel spesielle, både fordi håpet og fremtidstroen er helt avgjørende for at et barn skal vokse og utvikle seg, og fordi barns uttrykk for håp og livskraft finner form i en egen barnekultur. Begrepet ""barnekultur"" er blitt et eget fagbegrep med tilknytning til en egen forskningstradisjon. I denne boken brukes det mer generelt for å beskrive barneperspektivet i barnets møte med vanlige rom, lesningens rom, kirkerommet og det rom språket gir barn for å forstå seg selv. Blikket rettes mot kirkens rom og barns opplevelse av det. Hvordan åpner eller lukker det fysiske rommet for barns oppdagervirksomhet? Vi får innblikk i erfaringer med å lage gudstjeneste for og med små barn, en nytenkning som har resultert i Krabbegudstjeneste og ""Se på meg"", gudstjeneste for 0-3 åringer. De to siste artiklene drøfter noen viktige spørsmål i rammen av barneteologi, og spørsmål om læring i trosopplæringen. Den ene handler om hvordan barn som selvstendige subjekter kan bidra til en forståelse av kristen tro. Å være et subjekt er å tre inn i levende relasjoner, til andre barn og til voksne. Den andre er en refleksjon over hvordan språket og handlingene i kirkerommet kan gi barn tid og rom til å møte evangeliefortellingen og finne koblingen mellom fortelling og eget liv. Dette er tredje bok i serien Barn trenger håp. Bøkene er et samarbeid mellom Dronning Mauds Minne Høgskole for førskolelærerutdanning (DMMH), Kirkerådet og IKO.",nob_Latn,0.9999899864196777
train_play.jsonl,"<|begin_of_text|><|start_header_id|>system<|end_header_id|>  You are a helpful assistant.<|eot_id|><|start_header_id|>user<|end_header_id|>\n\nSvar umiddelbart på spørsmålet nedenfor: Finn den første bokstaven som forekommer nøyaktig 3 ganger i følgende tekst. Oppgi bokstaven. Hvis ingen bokstav oppfyller dette kriteriet, returner et tomt svar: \""Vindafjord er en kommune på halvøya Haugalandet, nord i Rogaland fylke. Den grenser i sørvest mot Tysvær, i sørøst mot Suldal og i øst mot Etne i Hordaland. Fra sjøsiden grenser Vindafjord mot Sveio i vest,Stord i nordvest og Kvinnherad i nordøst, alle tre kommuner i Hordaland.... Gjesdal er en kommune i Rogaland fylke. Den grenser i nordvest mot Sandnes, i nord mot Forsand, i øst mot Sirdal i Vest-Agder, i sør mot Bjerkreim, og i vest mot Time. KommuneTV Til dette prosjektet har vi levert produktet KommuneTV – et produkt som er skreddersydd for å kunne... Åmot er en kommune i Østerdalen i Hedmark. Den grenser i nord til Rendalen, i øst til Trysil, i sør til Elverum, i sørvest til Løten,Hamar og Ringsaker, og i vest til Stor-Elvdal. Kommunen har fått navnet Åmot («åmøte») fordi de to elvene Glåma og Rena møtes her. Åmot har 4... Audnedal er en innlandskommune i Vest-Agder. Den grenser til Åseral i nord, til Aust-Agder og Marnardal i øst, til Lindesnes i sør og til Lyngdal og Hægebostad i vest. Audnedalen er også benevnelsen på dalen som vassdraget Audna skaper, hvorav Sør-Audnedal utgjør kommunen... Eidsvoll er en kommune i Akershus. Administrasjonssenteret i kommunen kalles også Eidsvoll eller Sundet. Kommunen grenser i nord til Østre Toten og Stange, i øst til Nord-Odal, i sørøst til Nes, i sør til Ullensaker, og i vest til Nannestad og Hurdal. Eidsvoll er i dag mest kjent... Hadsel er en kommune i Nordland fylke. Den er den sørligste kommunen i Vesterålen. Den grenser i nord og øst mot Sortland, i sørøst mot Lødingen, og i sør mot Vågan. KommuneTV Til dette prosjektet har vi levert produktet KommuneTV – et produkt som er skreddersydd for å kunne... Norges forskningsråd er et regjeringsopprettet råd og strategisk organ som er ansvarlig for å fremme og markedsføre norsk forskning i innland og utland, forvalte forskningsmidler, fordele stipender, og gi styresmaktene råd i forskingspolitiske emner. Andre viktige oppgaver er å... Våler er en kommune i Solør i Hedmark. Den grenser i nord mot Elverum, i øst mot Trysil og Sverige, i sør mot Åsnes og i vest mot kommunene Stange og Løten. KommuneTV Til dette prosjektet har vi levert produktet KommuneTV – et produkt som er skreddersydd for å kunne sende... Karasjok kommune er en kommune i Norge. Den er landets nest største kommune i utstrekning med et areal på 5464 km². Kommunen har grenser til nabokommunene Kautokeino i vest, Alta i nordvest og Porsanger og Tana i nord. I øst og sørøst grenser kommunen til Utsjok og Enare kommuner... Landsmøte for Pensjonistforbundet (2015) Pensjonistforbundet er en organisasjon som jobber for å gi landets pensjonister en tydelig røst. Vi engasjerer oss innenfor områdene helse, økonomi, kultur, trygghet og tilgjengelighet, i saker som betyr noe for din hverdag som pensjonist. Landsmøtet 2015 avholdes i perioden...\""<|eot_id|><|start_header_id|>assistant<|end_header_id|>\n\n–<|eot_id|>\n",lzh_Hani,1.0000100135803223
train_play_llama3.jsonl,"<|begin_of_text|><|start_header_id|>system<|end_header_id|>  You are a helpful assistant.<|eot_id|><|start_header_id|>user<|end_header_id|>\n\nSvar umiddelbart på spørsmålet nedenfor: Finn den første bokstaven som forekommer nøyaktig 3 ganger i følgende tekst. Oppgi bokstaven. Hvis ingen bokstav oppfyller dette kriteriet, returner et tomt svar: \""Vindafjord er en kommune på halvøya Haugalandet, nord i Rogaland fylke. Den grenser i sørvest mot Tysvær, i sørøst mot Suldal og i øst mot Etne i Hordaland. Fra sjøsiden grenser Vindafjord mot Sveio i vest,Stord i nordvest og Kvinnherad i nordøst, alle tre kommuner i Hordaland.... Gjesdal er en kommune i Rogaland fylke. Den grenser i nordvest mot Sandnes, i nord mot Forsand, i øst mot Sirdal i Vest-Agder, i sør mot Bjerkreim, og i vest mot Time. KommuneTV Til dette prosjektet har vi levert produktet KommuneTV – et produkt som er skreddersydd for å kunne... Åmot er en kommune i Østerdalen i Hedmark. Den grenser i nord til Rendalen, i øst til Trysil, i sør til Elverum, i sørvest til Løten,Hamar og Ringsaker, og i vest til Stor-Elvdal. Kommunen har fått navnet Åmot («åmøte») fordi de to elvene Glåma og Rena møtes her. Åmot har 4... Audnedal er en innlandskommune i Vest-Agder. Den grenser til Åseral i nord, til Aust-Agder og Marnardal i øst, til Lindesnes i sør og til Lyngdal og Hægebostad i vest. Audnedalen er også benevnelsen på dalen som vassdraget Audna skaper, hvorav Sør-Audnedal utgjør kommunen... Eidsvoll er en kommune i Akershus. Administrasjonssenteret i kommunen kalles også Eidsvoll eller Sundet. Kommunen grenser i nord til Østre Toten og Stange, i øst til Nord-Odal, i sørøst til Nes, i sør til Ullensaker, og i vest til Nannestad og Hurdal. Eidsvoll er i dag mest kjent... Hadsel er en kommune i Nordland fylke. Den er den sørligste kommunen i Vesterålen. Den grenser i nord og øst mot Sortland, i sørøst mot Lødingen, og i sør mot Vågan. KommuneTV Til dette prosjektet har vi levert produktet KommuneTV – et produkt som er skreddersydd for å kunne... Norges forskningsråd er et regjeringsopprettet råd og strategisk organ som er ansvarlig for å fremme og markedsføre norsk forskning i innland og utland, forvalte forskningsmidler, fordele stipender, og gi styresmaktene råd i forskingspolitiske emner. Andre viktige oppgaver er å... Våler er en kommune i Solør i Hedmark. Den grenser i nord mot Elverum, i øst mot Trysil og Sverige, i sør mot Åsnes og i vest mot kommunene Stange og Løten. KommuneTV Til dette prosjektet har vi levert produktet KommuneTV – et produkt som er skreddersydd for å kunne sende... Karasjok kommune er en kommune i Norge. Den er landets nest største kommune i utstrekning med et areal på 5464 km². Kommunen har grenser til nabokommunene Kautokeino i vest, Alta i nordvest og Porsanger og Tana i nord. I øst og sørøst grenser kommunen til Utsjok og Enare kommuner... Landsmøte for Pensjonistforbundet (2015) Pensjonistforbundet er en organisasjon som jobber for å gi landets pensjonister en tydelig røst. Vi engasjerer oss innenfor områdene helse, økonomi, kultur, trygghet og tilgjengelighet, i saker som betyr noe for din hverdag som pensjonist. Landsmøtet 2015 avholdes i perioden...\""<|eot_id|><|start_header_id|>assistant<|end_header_id|>\n\n–<|eot_id|>\n",lzh_Hani,1.0000100135803223
train_tinycode_llama3.jsonl,"<|begin_of_text|><|start_header_id|>system<|end_header_id|>  Cutting Knowledge Date: December 2023 Today Date: 26 Jul 2024  You are a helpful assistant.<|eot_id|><|start_header_id|>user<|end_header_id|>  Develop a Python program snippet to Determine High Sneezing and coughing etiquette: Preventing Spread of Germs for Engineer for Experts. Incorporate if/else or switch/case statements to handle various cases related to the Bias. Dry-run, ensure your control flow logic is clear and well-commented.<|eot_id|><|start_header_id|>assistant<|end_header_id|>  Here is python code which determines high sneezing and coughing etiquette based upon different conditions :   ```python  def determine_high_sneeze_cough_etiquette(isolation_period):     # check whether isolation period has been exceeded      if (isolation_period >0) & (today() - last_symptomatic_day() < isolation_period):         return ""Stay home""          elif exposure_risk() >= risk_threshold():         return ""Wear mask""              else:          return ""Go about usual activities""               # define function to calculate days since symptoms appeared     def today():     return datetime.now().date()           # define function to retrieve date when patient became symptomatic    def first_significant_symptom_onset_date():         return pd.to_datetime('2021-10-3').date()       # define function to calculate number of days between two dates   def days_between(d1, d2):     return abs((d1 - d2).days)       # define function to retrieve duration of isolation period      def isolation_period():     return timedelta(days=7)           # define function to assess level of exposure risk       def exposure_risk():     # dummy variable indicating likelihood of close contact during infectious phase     close_contact = True      # calculate average household size within a radius of one kilometer from the index case     avg_hhsize = np.random.normal(4., .5, 1)[0]      # estimate probability of transmission via respiratory droplets at close range given close contact     exp_prob = 1 - math.exp(-.06 * days_between(first_significant_symptom_onset_date(), today()) + .89)      # apply social distancing measures if applicable     if not close_contact:         exp_prob *= .6      # multiply by average household size to get overall exposure risk     return exp_prob * avg_hhsize           # define function to set threshold value for determining risk           def risk_threshold():     return .05           # dry run to test functions         if __name__ == '__main__':     print(""High Sneeze Cough Etiquette:"",            determine_high_sneeze_cough_etiquette(isolation_period()), ""\n"") ```<|eot_id|>",eng_Latn,0.851153552532196
